Date,High,Low,Open,Close,Volume,Adj Close,Polarity Score
03-01-2022,1.2414549589157104,1.1827809810638428,1.2366939783096313,1.1845389604568481,1251855,1.1845389604568481,0.09586716666666666
03-02-2022,1.0541880130767822,1.000560998916626,1.016677975654602,1.0087850093841553,467346,1.0087850093841553,0.14602035000000002
03-03-2022,1.0224449634552002,0.9898170232772827,1.0149400234222412,0.9966750144958496,304333,0.9966750144958496,0.1381425
03-04-2022,0.9788200259208679,0.9653220176696777,0.9706730246543884,0.9726629853248596,205397,0.9726629853248596,0.14641722
04-01-2022,1.197340965270996,1.177412986755371,1.1848030090332031,1.184319019317627,696471,1.184319019317627,0.0710152
04-02-2022,1.056810975074768,1.0081470012664795,1.0088709592819214,1.0513720512390137,424532,1.0513720512390137,0.09634218
04-03-2022,0.9985759854316711,0.9700019955635071,0.9967079758644104,0.9826470017433167,381357,0.9826470017433167,0.08510676
04-04-2022,0.9726279973983765,0.9552749991416931,0.9726279973983765,0.9655100107192993,194245,0.9655100107192993,0.09083162
13-02-2022,1.0607759952545166,1.0413010120391846,1.0445250272750854,1.0557570457458496,490092,1.0557570457458496,0.11319982527664532
13-03-2022,0.9476609826087952,0.9345970153808594,0.9450770020484924,0.936506986618042,138229,0.936506986618042,0.1110595
13-04-2022,0.9224460124969482,0.893750011920929,0.8969420194625854,0.9211919903755188,231487,0.9211919903755188,0.11992016000000001
14-02-2022,1.0557420253753662,1.0218110084533691,1.0557260513305664,1.0346790552139282,205570,1.0346790552139282,0.36739109999999997
14-03-2022,0.9427850246429443,0.9330639839172363,0.9365040063858032,0.9398859739303589,209986,0.9398859739303589,0.07584052000000001
14-04-2022,0.9269869923591614,0.8959190249443054,0.9210910201072693,0.8966410160064697,180988,0.8966410160064697,0.16788908000000002
15-02-2022,1.0552459955215454,1.0220370292663574,1.0345779657363892,1.0531870126724243,334767,1.0531870126724243,0.15053454876937103
15-03-2022,0.9418089985847473,0.931011974811554,0.93989098072052,0.9380260109901428,124396,0.9380260109901428,0.10092228
15-04-2022,0.9098719954490662,0.8962380290031433,0.8967369794845581,0.9096590280532837,174450,0.9096590280532837,0.11524201861130995
16-02-2022,1.0606160163879395,1.035436987876892,1.0531660318374634,1.0497369766235352,234412,1.0497369766235352,0.010104740608228987
16-03-2022,0.9559980034828186,0.9340869784355164,0.9380090236663818,0.9479420185089111,259295,0.9479420185089111,0.07603558
16-04-2022,0.9158449769020081,0.8986170291900635,0.9096329808235168,0.9007070064544678,157344,0.9007070064544678,0.1312673
17-02-2022,1.0538380146026611,1.0173979997634888,1.049744963645935,1.019292950630188,302457,1.019292950630188,0.23253940520446098
17-03-2022,0.9514589905738831,0.938094973564148,0.9479399919509888,0.94828200340271,228895,0.94828200340271,0.13307236
17-04-2022,0.9104779958724976,0.8977310061454773,0.9005600214004517,0.8983569741249084,94190,0.8983569741249084,0.12946602000000001
18-02-2022,1.0432970523834229,0.999210000038147,1.0193120241165161,1.0075750350952148,353211,1.0075750350952148,0.2451443920829406
18-03-2022,0.9497489929199219,0.9319360256195068,0.9482499957084656,0.9416570067405701,210373,0.9416570067405701,0.08927542
18-04-2022,0.9015250205993652,0.8787350058555603,0.8983889818191528,0.8913540244102478,256523,0.8913540244102478,0.14183268000000002
19-02-2022,1.0164469480514526,0.9869930148124695,1.0076639652252197,1.0064270496368408,271839,1.0064270496368408,0.0001678301886792453
19-03-2022,0.9519659876823425,0.9386379718780518,0.9416570067405701,0.9473999738693237,300176,0.9473999738693237,0.22352464
19-04-2022,0.8960729837417603,0.8835899829864502,0.891385018825531,0.8890089988708496,151928,0.8890089988708496,0.14101148
20-02-2022,1.0103230476379395,0.9643930196762085,1.0064189434051514,0.998416006565094,498230,0.998416006565094,0.2194735
20-03-2022,0.955282986164093,0.9336569905281067,0.9474040269851685,0.9416409730911255,364295,0.9416409730911255,0.11055491999999999
20-04-2022,0.8984749913215637,0.8827160000801086,0.8890780210494995,0.8926990032196045,192726,0.8926990032196045,0.12765532000000002
21-02-2022,1.0110169649124146,0.9749420285224915,0.9983029961585999,0.9776769876480103,340243,0.9776769876480103,0.135519375
21-03-2022,0.9590839743614197,0.9383479952812195,0.9416599869728088,0.9486259818077087,353478,0.9486259818077087,0.11594362000000001
21-04-2022,0.9028679728507996,0.879381000995636,0.8926249742507935,0.881784975528717,167541,0.881784975528717,0.13112878
22-02-2022,0.9984809756278992,0.9626179933547974,0.977620005607605,0.9955199956893921,248098,0.9955199956893921,0.11250320000000001
22-03-2022,0.9678679704666138,0.9421719908714294,0.9486420154571533,0.9525009989738464,677719,0.9525009989738464,0.0
22-04-2022,0.8832105398178101,0.8696398138999939,0.8806741833686829,0.8742709755897522,193433,0.8742709755897522,0.11292564
23-02-2022,1.0056309700012207,0.9880880117416382,0.9955819845199585,0.9902849793434143,178773,0.9902849793434143,0.15350195
23-03-2022,0.9753040075302124,0.9511709809303284,0.9526230096817017,0.9740949869155884,454355,0.9740949869155884,0.14048446
24-02-2022,0.9904450178146362,0.9393600225448608,0.9902380108833313,0.9590269923210144,664471,0.9590269923210144,0.10928406666666668
24-03-2022,0.9815899729728699,0.9535850286483765,0.9740830063819885,0.9540969729423523,489069,0.9540969729423523,0.11773588
25-02-2022,1.006943941116333,0.9561650156974792,0.9591060280799866,1.000859022140503,823896,1.000859022140503,0.10718090000000001
25-03-2022,0.9841480255126953,0.9502230286598206,0.9541490077972412,0.9556519985198975,671498,0.9556519985198975,0.16142226
26-02-2022,1.007444977760315,0.9792850017547607,1.000862956047058,0.9868109822273254,277347,0.9868109822273254,0.1414587
26-03-2022,1.0018939971923828,0.9540169835090637,0.9556639790534973,0.9851160049438477,853500,0.9851160049438477,0.227658
27-02-2022,1.015192985534668,0.9740430116653442,0.9868699908256531,0.9741510152816772,457800,0.9741510152816772,0.19948545363659084
27-03-2022,1.0085619688034058,0.9789130091667175,0.9851149916648865,1.0085500478744507,463497,1.0085500478744507,0.16902984
28-02-2022,1.0184259414672852,0.9713159799575806,0.9741340279579163,1.0148119926452637,371633,1.0148119926452637,0.131502325
28-03-2022,1.0301120281219482,0.9993759989738464,1.0085560083389282,1.002951979637146,781560,1.002951979637146,0.15358628
29-03-2022,1.0202510356903076,0.9940930008888245,1.0029749870300293,0.999426007270813,565050,0.999426007270813,0.11497318000000001
30-03-2022,1.002289056777954,0.9772999882698059,0.9994670152664185,0.985450029373169,564840,0.985450029373169,0.10706062
31-03-2022,1.0105210542678833,0.9692760109901428,0.9854850172996521,0.979062020778656,585842,0.979062020778656,0.08390728145629126
